title,soldprice,link
Apple iPhone 11 Pro Max A2161 ATT T-Mobile Verizon Factory Unlocked - VERY GOOD,"IDR9,414,285.71 to IDR10,128,571.43",https://www.ebay.com/itm/255107476973?epid=11037566785&_trkparms=ispr%3D1&hash=item3b65972ded:g:J9YAAOSwHkhh1hIr&amdata=enc%3AAQAGAAACkPYe5NmHp%252B2JMhMi7yxGiTJkPrKr5t53CooMSQt2orsSg3Ye8yTWgOW7pmE1t838dj5VZn5Gf1K%252BIfSBa%252BxMHI6YI3SAKNAWPiXK44X6%252F07GjyBuJdRLfC%252FOWIXr5j%252FTerafnwCzPJkZNc2wTsGOws%252BK1%252FJ8EYVo7mLRBin5u5CvIY9iAfFXqem3jnTY2GTWxt42qShUjjLv258ZgAGwfZ1vyXReXh2B6bhk8%252FUxXBj5yELUda4FHtfM9A0bvER7YT2B%252BVmqC7M1HBFKF9P0WWCfWtUP05mtQc2nODNA6uFU20nwoCbwUF0I5xdzvTDKpSvNKN1op8iCDcneZPac0TknI%252BPc4bdiOAHJXruSvJECfana%252FmK5Rhcje5oBt9v9f234nYhb%252BcX4NnYgP%252BUgHEOQJIZhmVWn%252BtCRRhj4VCbTZ47%252FRVcGM%252FMQEzIFLlW5h9G0SKLt7%252Bd7IDtmm2hr1ElO7hjNPi214e0NtR3STOCvj8st7F63%252FjUnwp5diBCKKfTUoSQ1HdoYNhd7O5pGASDquDxX%252BMwECVjK4ViDn%252BQVSkyGfChBmjrTN6V2WuoPh9qZKpn1Flzu5ufWLt0u6bQbKtyNcZ4tXlP8w1xDllwf2L5w%252FPq4iLZQHsVV9rziN32ml9wAfrqDWLivpXkiaqX1SDlj6H1DFQQXG4LmVeWOfrMmRgouwR82KkU77eolNC3nbj%252FHgGUp8wIcT7WYKTwC1VPgkSRcy28Re79j7xwrRpgqKhwhvBZo7NqErQJKdRxqlaMR10lHxIjhsssfDkDhvyfH3oqGpiBpSbn%252Brphh%252BB5PR7vHslBBNMb0EYEbnt0AZnHJM05SrZHPq2hr2epiRVloVXKXFyGcRoY0oAwc%7Cclp%3A2334524%7Ctkp%3ABFBM6tnElN1f
Apple iPhone 11 - 64GB - Factory Unlocked - Excellent Condition,"IDR5,714,142.86",https://www.ebay.com/itm/124894924869?epid=6034218704&_trkparms=ispr%3D1&hash=item1d14515045:g:N0MAAOSw9JVhO7M9&amdata=enc%3AAQAGAAACkPYe5NmHp%252B2JMhMi7yxGiTJkPrKr5t53CooMSQt2orsSxXDXcCydCuSj2Tq2S%252F3GnuMwvh6p2nbSlu0B76BJhP5DAPRkvf1O%252BMgZv1r%252BrSPrvk46CRksMgKD0wRFgeuWKNi3dvU23J6%252BFBrmQ5u42X%252FFxHe%252FemRa0e32TlRTjmxDrcXTukqnmR8BhIgH0tc6t9EFoq0rtLYCagEJ%252BTKvI5oDVIuf%252BhR0jRkapXNsdzVHo6gB%252BkmFGt3Gesp9zkQ9GrVqajTbP4QEqAdE0%252FfoOZU9oRKU9VEFqRwmtpDwP5Sr4EsOOVfs4B4ez0MYVo%252FbF2gCwUvSWmpG6NuCaxeGe%252BNImtQzE2WndENrfk5mAO240KFaLHGXdikEy4ESc94DFHkQUlJgi6mMWuYooesX22hG6V4UQKLOOz489NpDq5GA7XBI6ZlFQEw9RTofaqtnd92rsaDCaiPeZcbG%252BDpuOWv%252FEg%252Fs%252B%252BskA9NAexUsN4htz2eWP0aEPdlxFK1z0hiuAKnqpx2ptY4u7SGmjb2uTnkHVi95tuOLxAKyYqwItuHxRVeqmOq5rCE8bHz%252FqMCOgBjOtbXfjUkPkPdijxx0h9pq7kNLecBG52RRC9Qja92HRgn0y8tZMgGupfEiDiwKUbzrLIiKYmChNT3dNhQvCvWeliFe4GkzfZnInGCct%252BuxCG4cJPamWxfj0oboTRI2cvyP%252BM%252FhaaF9jSsWyDKMQF3q5K9GueIxhjhqV7B1CVmbyTnFbPYrMaxGkdrO%252B0V2rBFLxmltgfAPHjv1RAvZ75xgJZeE7YhYt9syNNvFSismcHDiwfGMASb8egJ9LFa9AuvYyJxnfj2nOc0OWcjP9T8Xv6PcH%252F%252BowX2Qgv4E0YK5%7Cclp%3A2334524%7Ctkp%3ABFBM6tnElN1f
Apple iPhone X - 64GB - Factory Unlocked - Excellent Condition,"IDR3,999,857.14",https://www.ebay.com/itm/124893317985?epid=241957274&_trkparms=ispr%3D1&hash=item1d1438cb61:g:H08AAOSwBmRhOoY0&amdata=enc%3AAQAGAAACkPYe5NmHp%252B2JMhMi7yxGiTJkPrKr5t53CooMSQt2orsSxXDXcCydCuSj2Tq2S%252F3GnuaWkEpw8EyNMdoY82UwtNzQLAfnnltOrrmwR2rB56IN7%252BH%252BQcML1xs2BUlzLbpokqew43kyuVbrwBKfuRCXTKicDngJFA7RhCdurUVSe1CoT9vF2GT7zdNkAuTEMOHXU2acgj49GMK6VxiW6CUNznO%252Bw0FQJrSmKFRqpHc5AAQlW0KczpLrIeARnq8ESkvbOs0da0G%252FCHnFgviBnwJ73%252FVJ8WGECCF%252BbOO%252FuQWduqlwye3pTYN2fxQEgGa1yORbHXzNUjqxbT8u8nMqz0dsslK43rYJjifRYk%252FyXpRDRZmYUA0Gzt1spfpquyjhAi0ogPduukh57MMP5Q%252B16UX6gkGKrne5Cr8JIuorVf9QztYyVqDZNUMpS3KnoN80sCdA8MqOnDSFU8fPL4BsjnezOGj%252F5LCj6X5BB7U3aBV897ZZLkFW4p%252F%252BQ2fvQQ8pB2z87vXQhqPEjAwKKISHlGJaNnf4bC6PU1yzZ7%252BhEdnwm%252BlAC1bTVUjGkpNl5RoPXr0EL6tMmt0Ecp8%252BcGn7qMahNwdMmQH1foZRQvq83JJmeGBKEr9FHRvnxDok4vbEbK1qPtTv64fcUAVfGpOWRnmHdtKxDRMdMeOqN3516BBudB88iFs1%252Fij%252Bjc0TdhCwQZjcQkPhCKBxrNsFZBxh%252FdfTVrLMdOjTIj87GuouWYnWcV9kEHY%252BrWjCnkl1NXlMnz3ysXs%252FeATB8Z3F%252B1DbBKcuR%252FQ5gZr1LgB%252B4xa9RNwXg%252BPDDwv0qxmk%252FWNNpeOtHoCF6uyyuFSAMzataKTLnTPxKcmycEuiZ65OTGS%252BwX6ZBgKo%7Cclp%3A2334524%7Ctkp%3ABFBM7NnElN1f
Apple iPhone X - 256GB - Factory Unlocked - Very Good Condition,"IDR4,357,000.00",https://www.ebay.com/itm/124893349756?epid=21043065579&_trkparms=ispr%3D1&hash=item1d1439477c:g:H08AAOSwBmRhOoY0&amdata=enc%3AAQAGAAACkPYe5NmHp%252B2JMhMi7yxGiTJkPrKr5t53CooMSQt2orsSxXDXcCydCuSj2Tq2S%252F3GnmxlWPmfeQOve7CL2L3pGLAbKc3JPeBbxJooJn9flZZ5YCt%252BM93EpYwrTCYwcY6xiRjomdVxFh%252FOZpCRvRblLthdn9CYGxnpw8VIL0n4gqfk55XwP%252BJN71NLPQGB2doTTOzVIl1R1lKKQSBg29p3NEgxhuFfMuWMvOAfoXBBiim%252BhijZpK7VuPw8sV677CtUmQqXjwThkQJUjTWwJAgxcZ1wDaIqr0ueUFBIPI0LHWOUdFuuxhxtoWwQUMJXV1j5zbmSZF3ZTSKlNweLjecZVfL%252BF7HWymHeo1%252B%252BhoFjV5b6RHBSUIggIWa8D%252Fq7nWy4aHAxFqj6tSBfoWAhnfMw6mA7P6LqjCF2G9tLn6XI%252FfmgDCHjV9MoSQhjit3O6dTh8MtZFnzBjBzmdk3k04mTUqu3ptRWQPQ45l%252FVYxJPwaTseINB05ubYq6zyENQK5mIEPe3QnXTPN%252Fgw9k5uukPTUMKTNYrqUE9WLS%252FpvqVCpa6fXcPKDGqxELw8iAWBp0Nu9R9%252Fpb992%252FLvBT%252FRozxOvYX0pNrVoF3N9nen7sHzaLyFWEzSWSU%252BRjNsXUUfHah0EuiEGYwi43nOpYAQz4JZtp%252FWtmTHYVZ6jq7%252FaBJVtRxc%252BFrqNVHyP%252BmMs%252FxBjSp1DMP2gfzQwG5irsMN7fMwFtcXzH0sfwMwG9sDVjuR9iYdVpYqilPJysvQIpwS63V%252Bbt%252F9X0F7EynoPFSOR5qs%252FImEAG%252FEDCDb%252BhLCmMqObmhwOZdDQ1Rn6ryGpAF3yQrPWJWZfEapLGpSq3WAOHtI%252Bk7FlXFCRuUogO0qA0asy5%252B%7Cclp%3A2334524%7Ctkp%3ABFBM7NnElN1f
Apple iPhone SE 32GB Silver White Unlocked 4G LTE UK Seller - Grade A+ Pristine,"IDR1,748,553.13",https://www.ebay.com/itm/353781283671?epid=20033655842&hash=item525f01fb57:g:CWEAAOSwUU9hnTMO
"Case For iPhone 11 12 13 PRO MAX Mini X, XR XS Shockproof Protective 360 Cover","IDR116,518.34",https://www.ebay.com/itm/255355443105?_trkparms=ispr%3D1&hash=item3b745ed7a1:g:yrsAAOSwRFZh8w9U&amdata=enc%3AAQAGAAACkPYe5NmHp%252B2JMhMi7yxGiTJkPrKr5t53CooMSQt2orsSg3Ye8yTWgOW7pmE1t838dnTvnjFaz7AZEb3ZdfhYT5Pa2AbZd8PFjNSJ8JRXM%252Fe%252BfCKwd8K08Y1M3LlVQt%252Ft5T8QvTB4dpQhOQH8sM7o99uCOV%252BRKeMZq%252BHXz0zOeNXPQCGw%252BLh8CjCqWb46bzIKNv46NuvaoDoPuvDGjK9QTne8nsTVyqs5%252F0mox2yKCh1F8HfAKIldxQ5tfv8756T8HMVpdOHXp5blzqMDh2CMMx6b516L0vpJ0Qlx5AAoPvFQDLNzpVhvOGklPxurpHDyE7pbicbP1NWg80OupoEeLdRQrLTNzitCUE21to0uDJ7rthmizGC1%252BK3ByvGlQRxmnSgGEqZ5xzzawDWzk2L91ismQl8C07LrbOLkYiZb4FZgw6LcjxddJ%252BDZyCPKWa3Ij873RycqySQdHkXAwblxcaJXJeKh%252B6KAAF2Kmebvs195Y3TKM0o%252Fv5eAXb%252FVRKo4T23zTXm8uMqrXEx%252Budh5FcwhEnGzUMUc9S4TM84JsUOEPfvy1nxlCnuI%252BqzTwCq%252BRJdZiTzTSX0F3Z2xLmvz8R5YTwxET8T3KffAOSL76u1IWUNu9%252B7RZiL6SYMMgjeMa7zPcExPvABirmA0DkRyHpSevUS0GfnT2m%252BmIxaiyp8vWz8FVndLdqkVwNhEyMhOmk3uPtwFkGVuOifyxE3GEt9F63yu28IANWJltLvf39%252FbdHPUlRMrnQ3mjpo8dqOlD7e6eQgmm8QTICuOdoWHaUkn9vNd%252F9HSd7A77G2Utks8YK7jqvjp%252BpmftUwAfXE7XX42hUy6%252BAZ4Wt6BrqsQtsXLNbKOx5ln1UFYgbaDM96T%7Cclp%3A2334524%7Ctkp%3ABFBM7NnElN1f
Apple iPhone 11 Pro - 64GB - Factory Unlocked - Excellent Condition,"IDR7,142,714.29",https://www.ebay.com/itm/114982579699?epid=9037957801&_trkparms=ispr%3D1&hash=item1ac57eedf3:g:Uk0AAOSwhi9hO8iy&amdata=enc%3AAQAGAAACkPYe5NmHp%252B2JMhMi7yxGiTJkPrKr5t53CooMSQt2orsSR84A%252FGMxXIqJzFmDq6lDLrinIE1aKQz8HOAonxD%252B887%252BCSxQzjeCf8UfL28h%252BY1VXRnaxlwP%252BkscVy364NahGbgBz5E2EqXwvkSuz5R6%252BOEsXNE3qPdxqDnmfHWPifhPVOcKCTQsjTkCL3rMM6vfHah1Uo3hegSUZkMHPifGXfuI6TCa4XJIHC5ZqOfpMCFqJlNmxrZZsRE0r7rnQMwCFZJSbkAYqAQ%252FQ%252Bo634h1%252BAi5I00FLN39IlMwH28IeA71wXxs9AEGPWLs39y3gIFNS6CBLZoYbITbrnf8BTmWrkvSfnBeq1YKJwaoK3ok%252B90Mjj7IwnHtSwhwppkrdgyeqixdXY7lxIquZfMEZfeWTjnEVG5NzI71rI4G9APyrfOx2IswkWBC9N%252F6T035MCwRejBwPC3ql1D0hC4k2pUneDO%252FHkTAQRRHQy7TH3l7IDHiHAXHWhc1iYgo637fTzFuKuJybsht%252Fn1bEMSg4Iqge98amsok5Cm%252FkIMbZAvcxVEc13OaCBmlXd45Lnk9a06mEApCizAS4aiXFM7rv%252FrMHKnlHzdPLshf4nZnwfoGbjnC7c%252F%252FZkL6uc2alDessFuQfY6n5a7SLtHVg5ZVlP3Hr%252BZR%252FKCDebUYik9ywtuq1nnPEWBpF7j%252BLdNRn9J6THqAJrqNqaRvkAbMs1qxKRN4jiQntSm04yn%252FcamSNknRpAfxYVxhDZYKJjv7zOBuzQvZD41%252BVshmfPWwtUeiuE49DVBlynlxAOoVerVlkroVVrl5xra9F1uV2TQsHoOxm6NypWVfBJJRSs6om%252Bq26M3iHk2F3c3MwSkCQ6rr6vJObygk%7Cclp%3A2334524%7Ctkp%3ABFBM7NnElN1f
Apple iPhone 11 - 64GB - Factory Unlocked - Very Good Condition,"IDR5,357,000.00",https://www.ebay.com/itm/144195214173?epid=17035818063&_trkparms=ispr%3D1&hash=item2192b45b5d:g:N0MAAOSw9JVhO7M9&amdata=enc%3AAQAGAAACkPYe5NmHp%252B2JMhMi7yxGiTJkPrKr5t53CooMSQt2orsS9d9gBrkNbRQtRn8MVXnYknzg5CAyW2U9EmVJK08vBSD%252FCo1JhXtb0RzsZWCVAB3gOWlBfT3azzIfNJAy7dMcbJlVZq4V3OZ59bYbJdFpKDpxM8HSA%252BIWfSvqe31ugsTMRPMW4rbCmlLrB%252FNKQg08BQSaRW11zgA7Kx%252B%252B7%252BQTlirjhRsKSTKF5OI6dnA5BMebCa%252FdY%252BORPO%252FvOK3O2BU2%252BBtsku2ceDcOsiTJYkxPua33rFHbkv6d0p%252BL9Ys%252BYr8MM8HYdNAYwwZaxtafLFb7gok5nNLzyVrRl%252B9UolXuxcpaT%252B0hLE5P%252Fw29yB0cMfjYOWzgk76zqrLpI3Dkx%252FsrnHbFTI7GfFYmgzq4WpCG%252F2tfCwjohOA6Wgn5rJ2EZce55%252FGekcfNU0FoUDuJNSwTWP3V5DUwVTxsXag2uYSGEKNGDId8rbdyoxkFtJNt4ItiHTaclGdSmREfjozHdAh1bB9NoFvZxyxD%252FWwtv3wx4VwLqMX%252B90hicIAHbsPwVCnOD5bTyc3gAiItV7TjGHlD1K2ff7HmATi9hzSyH%252Ba7ETI%252FAoZuH5KK%252BlxggfUPUUuYeXP4NGiyimiShsfDYWm%252FxpYfddmPc9vnagyNHEIyMrF6F0lQ4rYsk8f3sHJQmlkbbJIPe0JE9fgPUY4eBrRsqWd%252BTVJSm7PxAeJRefkC6OdhcXcYP%252FLLZwq7OVQjN5I79ORmeRCshsaiKBwfGyQDfQ6rKS6D52U9g5cO%252BVCF8nX90HoSWARYxEs7qIowlop3L4l%252BKquNLNjiwZ8qo05uNT41pd2427mcuvJH%252Bd9d9hu%252FGPWDFdtzaezFwMqC75YX%7Cclp%3A2334524%7Ctkp%3ABFBM7NnElN1f
Apple iPhone 11 - 128GB - Factory Unlocked - Good Condition,"IDR5,571,285.71",https://www.ebay.com/itm/144195250952?epid=5036501892&_trkparms=ispr%3D1&hash=item2192b4eb08:g:N0MAAOSw9JVhO7M9&amdata=enc%3AAQAGAAACkPYe5NmHp%252B2JMhMi7yxGiTJkPrKr5t53CooMSQt2orsS9d9gBrkNbRQtRn8MVXnYkpHxCNt9CJIvoCD8hG3pkuIG3zrxAFSPLuKnolAqIw6OwG7GhsJpX4Aldd86Iciq79WSVmLB3wwBT7G1%252FbN8FVBRgCE%252FKwcDjTXMlX%252Br8srRGPS4glprus9BEiOaoAsUpUga%252FMLWTAKTAyFH%252ByOKEAFcrpPq7ZNlMh%252BtirjiWlCVAZLqETEu89opOKKDoKcYjYHX2WnVJhsmH0VPf5gFFxE0Cmm8%252FUZAawcVcyfjqW2IIcApJDBa8BK%252FOIqS9THQ8YV4KbgDxph8Rj3ksUHb7u6j9gN8qy14uFxpNW8rX%252BjVPmPrPN%252Ft9ZOUOLFI6CofhyrFAyg5pHl22glYrX5XIcodPoQbTcZDG7rYoZG5T4s%252FJaG4fCXZGt2MhYUBn0L2oNA1l3Oo5tlBGjS%252FbsOFp99oXB1CPmTMV5JBB88vBELOHppZMiuAfu9g%252B8I0pwXTJBHOz7n9l639WKB5K8fGtcMyhOEhRIpyXeDmUuSnUKyc5gZzNS4atnHmMPineCrQUGskhBe7vXwvzeE58B%252FAWzkhCipzbbrv%252FDxm6kwaxADM0%252FeiNyTE5uY21gZslH%252FMN%252FLnvP346RLH72J5VHGX6Mnmv%252BKZopMd9UcFz2DTteHwHIGDLC1IcbYLt9Psla6lO9%252FXuyTgOxlme9lcVm7YUHQgEXj80RNp9G4QoIbK96PezV5%252FZw6rqOMoDVdEu6Bjl9X6T59nuP53cnooi96WzIwnx3TA%252FljGpuaHE7coS%252BdNz1WLFmPGkW8NjKW%252BOLuPsJkaxCPe%252B%252BomeQd2q9a%252FybthNYu%252Fx3opQOVlhNS8dcam%7Cclp%3A2334524%7Ctkp%3ABFBM7NnElN1f
Apple iPhone 11 Pro Max - 64GB - Factory Unlocked - Excellent Condition,"IDR8,428,428.57",https://www.ebay.com/itm/114988279133?epid=25041284608&_trkparms=ispr%3D1&hash=item1ac5d5e55d:g:Uk0AAOSwhi9hO8iy&amdata=enc%3AAQAGAAACkPYe5NmHp%252B2JMhMi7yxGiTJkPrKr5t53CooMSQt2orsSR84A%252FGMxXIqJzFmDq6lDLjlnpsA7XsVaUn8t%252FX5x8LgH3tfXh658C9%252FGwLOe7RUrIMp1nu5m46A4CQR7746UbGkFr79jKFeNjzSpt0EBFdATu1Aek5bLGSTD2Tb09qfdv4D96xtAL1TFaqI%252FFoBEsZrjXZCgBW5vtq84RGk7sEAz3UnOD6sr39YyEpzP7UTrcEPVH4W%252FYku2cIGtGyG9YVJbOr2kAwG%252B2P7zgGzooeII1eZP6vZk7juKrHIJC%252B9do4Y9cfOupy3aG04WTjjKpo08pbpo8ZcDW7AlR9Zi59Q3G7HC35f1%252F1UmFs2hFxrSPjd43CS4o21jyC2pB1jIgOwihR7%252B%252BuRXmaOZqPW54PI6ZkWKMmgKOHXBgxYwxiy1zKRx8O%252BfTQ1oIJlWZGL40fW3pELGCWzad7qk1iLofv1bXTdADryhZQE1Cw1Eh%252BGL%252F2bv%252Fa9PQdlKHhOlxIIvsm9plNrxKz5%252B8KaX7jTuR1v43FX8qKaj6FKNjSLDOnh%252B%252BPNz0XhYEJnd0VrtLlu8JPteHzR1Pbo42D9uNK%252F8Ld47T5eturIZecJqhX3KIVnq4xqyKP0xQtYY5QeDqT%252F6KDp7f30a56EW5FgwkHTvf2dsfe5FbJRAtJJaWRrOdVc2ddgkzf3G3xYlaMPTexctRjGIVA7FGKSGm8oeh5e2zh5%252BHGDTk6H9fZO61cQTN8CDGwLkeksaDxmRAz0OLBWjhpoD3Zgtbh7JBeL4%252FGd%252FtZc9cj61eZFLxjurxT4bvM%252F1OB%252FrT7%252F9Aye8kK0%252BIn75yKXeBZID7D9ScMhEHxD3K%252FswvI3HYJtsJtYQJ8MP2c9Z%7Cclp%3A2334524%7Ctkp%3ABFBM7NnElN1f
Apple iPhone 8 Plus - 64GB - Factory Unlocked - Very Good Condition,"IDR3,642,714.29",https://www.ebay.com/itm/114980264729?epid=25033738705&_trkparms=ispr%3D1&hash=item1ac55b9b19:g:XcwAAOSw7NthOlZh&amdata=enc%3AAQAGAAACkPYe5NmHp%252B2JMhMi7yxGiTJkPrKr5t53CooMSQt2orsSR84A%252FGMxXIqJzFmDq6lDLjYNxtR%252FEc2nNo%252BT2F1wU2GX%252B3sLyiG%252BnfKaRkqDqYQsOsiZcvbjOQstFCNbwS%252FtTBlix8xeSMo2fRfOFEuOVhVNbuKvKpo0YICUwwgpT%252FwhzB60KoP%252BBv5O%252Ff1sEA%252BRaLUD4lU6FqDRnwUW46YrWeak4bCLO4s7%252FCHUR56cInD0vx9gn5s%252FbnGOrNo0SQTPhvOWL1i7xcONKThJia69AGtFjQUeyQ17LZvwby3DZfL2p9nqd07VCFqFNN7mp%252BoLQ%252BPP4FYtahUKnNsv%252BRxlaW8Jb3hR4ygT5kbBU%252B2qYOWqf%252B3Ed8hSxXD%252BdphcjpO13Xj6nI25oYGMeNzM7yLKcpe3f6NkIEce12UQIZHsP6M4VeGycNl4dGo00qRSktH3gye80NnofxMBr0cAw8R27qHD8rmDqmC2NE8S20GXUYUH9yuLWj7emEllSUXS2FxAEkIknLJajJ5VU8C70kGBn0EAjAW6IA9%252BBsHte2MZ35btIp70fnbSBzSFC8KGp3amsoCEp13CAfq7e4i4CujExbqNLPVj%252Fpoy3qzlBMZsuQu%252FA9KqwwR0S%252BbQ10hC3rH%252Fo0Uvub13ZxNgMawatZaj7%252FUrLnArlu54FHqEIN%252B5L8cjWuBqmACKgtWlBjT%252BEYq4NlM27GWGHDglSzABbWSWykuBblqmw5cFEJ94nMAxMvrp%252B9RYMbDw2Rmdufg2uCiI0XDLmweU%252BzBgKik9uR27OEne7DsIbQ1Bq%252FBgPDCccyFQtCzNPlqA7eim%252B3tFAcPk19o5B%252BuDPlwU4v66JSyOaJVtHisHJsTfk%252BEUZNnIyNL3%7Cclp%3A2334524%7Ctkp%3ABFBM7NnElN1f
Apple iPhone XR - 64GB - Factory Unlocked - Excellent Condition,"IDR4,142,714.29",https://www.ebay.com/itm/124894847425?epid=10037511250&_trkparms=ispr%3D1&hash=item1d145021c1:g:I1QAAOSwdRVhO6Lu&amdata=enc%3AAQAGAAACkPYe5NmHp%252B2JMhMi7yxGiTJkPrKr5t53CooMSQt2orsSxXDXcCydCuSj2Tq2S%252F3Gnufn%252FifeTEIIW7kFpNTAq%252FoJ9JdMk4TmQyHRXCXHRZDTOVR7F76zCSOcZnsdJQ7jeJFHO3MwMJaHfi3CqEcAi7jh1oclQmu97gO0Ltz1ANRUiY4p%252FQuqCpzWgnwZ22U0cZVVEO4tBuk6rj5%252Buui1%252FQh7ebrxE4aJ7ZC0FrSITR7X3JYL9jiFBcJdZnvcPNWGlPTujtfcQ0fbLkBT51rjR0iHJsbs9QdZ33p5LGvYyZIr5bY8J0bmNDAJd%252FGHxK%252FILBM4Jlb7AlosgJ8%252FZN4nznTA5UVomSa4dHgXoOC9WSqU3J2T7Y40NG4IYbvtKhkz2%252Fzs27Vq89jCzwBXfgtE3iCOe7IRBjgacuSzdUXRgISlrquKd9lTfc6ewm4L%252BMnXygj%252FA%252BcBGELeaFg0Of8pHYVr5JWpifOVQ9zbNEhy%252BbQtdKWma9DpM97Gy6uv7CZPN4WCqoo6AJIszfqtgTAZV5qW9WzFDYqjbF6cnkICC3VvjVa1e3rL4dGe8Z62jvO20%252FMl3VN0vRDd0I4EYVFGyPduD0YpIP0Ku3lBHcsPwQ1mIyLhvBP3Jsv0Pg26y8nKMXhra6dBzswwAUI1YLErLKbwP7S2RkjefKW%252FxAJ%252FF1GumKFEaq7oIPMp6Qo1JtAxnw1bf4dqksiwbpCAbUspCsLVdIvIwDwQQoV0eUSkaEoyjDg%252BddynkauiRN%252F1HUW8RgyPQSE5IByTMuYLg4mgrEOB0dybWhfX6KGlSwoSDocKAD2P8zTwox2J0Mus6OkFh23Oi4AlQEOXyWr3AA0ziKnsCH47m0vhWNpaVLr4nguS%7Cclp%3A2334524%7Ctkp%3ABFBM7NnElN1f
Apple iPhone 11 64 / 128 / 256 All Colors - [Network Unlocked] - As New,"IDR7,184,314.29 to IDR9,045,000.00",https://www.ebay.com/itm/224673736008?hash=item344f992548:g:~NMAAOSwFo9hgkga
Apple iPhone 8 Plus Smartphone 64GB CDMA & GSM Unlocked - Good,"IDR3,428,285.71",https://www.ebay.com/itm/154587266174?epid=19045610417&_trkparms=ispr%3D1&hash=item23fe1e7c7e:g:RjQAAOSwdb5dsmzR&amdata=enc%3AAQAGAAACkPYe5NmHp%252B2JMhMi7yxGiTJkPrKr5t53CooMSQt2orsStEKTPzZMfQmny3knR97t0IxorqCGYjjQ70CTh9GbanrpETkSFRFz8bpz8Ujd8mqvYIAMGu33cg6QkzXJd0O0Y2SezYRdPs4KvmgVVp%252FoUeBlr23%252Fvz6pLj0sZgl5nvMiCFY4Cxv8ei38RdaUtuIQj7x0p1qyKdN1RdWVoZSEmE89Z8IBhk0wrFZuzejZMYrc7E0xE1RVeBt%252Byi8ItoS1EPfedHvxb8akjcxEEZ65G8x3v%252BaeFfUc8ljDkInNcbQYvHpNNYkl2A%252BuCqV7CHisil4gtj0nfpWwHZIK2imfzJhUFUNrKykLEdiqMqco7ZJMDWtckDBXoz%252BjyOMe3lpr6fRBf%252B0lgryrQQpOg3F1otPCjt9kMkrW%252BFtgjU8YVVXEMu7Nx4m8n98LdK%252FQr1%252FpEi2rhJEbRMj%252FPZjX5x8aPMoUJgtKaV%252FRggP9%252BJfMLUwqG8YEc2OLN8CNAJZDsSVjAzgNEHNfRQXgo8hh3UbmlD0bklDG%252BonxCp8%252FY6D2wMEIEr6ZAYL1QPNp%252F7SXOv2jNu6tK1J6hIOtjCx6y433vglCx2riZ46Y7b6yDnPtpprCoTf1gGBPMxhEle63EITtDw0cuWZdcW8p6ZtevUSuWxZ9uOG58s7RgMvbXElTyCuTx%252Fep9cNzbw7HqIyOLfw1UEEn%252FHs0eKnuX02DBzJd%252FP9Ilwrikj8UDvWRGXDVPjhkDhwozCOFMLrLLVObWvTVI7Kk2%252BrEfKLXgL7uEZl%252B%252BcoIdnhbeEecWdiPBiWi%252FIjcYtRPGoQeA5HhqcKEEUKhIPitwtMs1xMRU6AGLKOheIkjHvZmElnLTd0rvorMLLL5%7Cclp%3A2334524%7Ctkp%3ABFBM7NnElN1f
Apple iPhone 12 mini - 64GB - All Colors (T-Mobile) B Good,"IDR5,571,285.71",https://www.ebay.com/itm/194765398135?epid=18041715177&_trkparms=ispr%3D1&hash=item2d58ec2077:g:9W4AAOSwwAZh7xEv&amdata=enc%3AAQAGAAACkPYe5NmHp%252B2JMhMi7yxGiTJkPrKr5t53CooMSQt2orsSd3M8ngECaRA0SmyU4KT%252Fnh80laJ9Nrjlq1Vcb7dGBuus9OQ%252FAVTJt27unt9Bqq2crrfI9fFy4wuYaLbD4HDJk0s7QuALAhkbwz4DPjXgCUKN8C3K16diUVJKztFEUSc2HDdbzqCbqU5C1LYXEtFro4J9kUEZoLr1uJaKqLQRUuqFM%252BH1cJ1ju3Cqx%252BW3gTBlGE7DU3L7c4CdmIzluwy3ytbLTHQtz7lz4K%252FOx0sCqYPtYe%252B8t2JW7IWrgxnXVQqMysETJAFvnffqIcM726Nj6OFRIHUDClRiBH5MbotODDNxNckeTFUfIZ8CxblNY6pR1vrgpRtWRxL5CHwhUS571iQ9Z9s9L%252BhglV8mpHk8qcYz1PaFT1TOjN67drcXntZm1CjucvCWY4n5CZ5XVzumOB%252FA01sAOoebQezkZhfz2gjlsS8L1qkLugBY3MVE1uBw3c99%252FQaEDcd1pbAKTnCzdAap4zE6yq%252BiieU4hEXtvSwssTIul%252FUxPGLSD1HWwkoR98hCE7WZl27WXyvMHH0KamhoJ5JeS%252FiGQ%252F5%252BNeEFZ2ZxbCfxrljB8%252FlhkSsG%252F%252F%252BfXjKKjB6FcsND8cHku%252F3ckUsx5b0iThyy8ckRBKaVEou7a9JUg%252Fx%252Fi6ktl9cH7gFZFoSsDT%252BSLPaPAvDJPcf%252B05HrkVtdcB4nj541FFxI3mj2DdtXTKuul6AqP8EDgsIzt1SeOeBtT%252BxF8khPTswx6Ef6jaLSnIUQUaL0RaEb7TtQgS0nW4wM7EUbeilk6xpJWmhB0VajU9X6Dxl%252BRMzaOLfL4gKiysPFcXUkw7fbeE29YiJP9jdiC1oG%252BMDqm4rF%7Cclp%3A2334524%7Ctkp%3ABFBM7NnElN1f
Apple iPhone 8 256GB 4G LTE iOS Smartphone Unlocked Multiple Colours UK Stock,"IDR4,182,016.20",https://www.ebay.com/itm/334258541529?hash=item4dd35c93d9:g:KvQAAOSwYbJhv2Pk
Apple iPhone 8 - 64GB - Factory Unlocked - Very Good Condition,"IDR2,557,000.00",https://www.ebay.com/itm/144193730919?epid=28036015462&_trkparms=ispr%3D1&hash=item21929db967:g:Pt0AAOSwHTdhOksc&amdata=enc%3AAQAGAAACkPYe5NmHp%252B2JMhMi7yxGiTJkPrKr5t53CooMSQt2orsS9d9gBrkNbRQtRn8MVXnYktLci9BQ%252B8rodku8s6YrfE2XzpCBPQEBu85QiGn%252FA9NKhMkW5xrJQot6w%252FTgFAz%252B9mvfAciobzOobM4e%252BjlTyTcT%252BC0b9COYsHtvdtwdZcPlxX37utxJve1CHPQ7l1MXdX6dsxyQCOIgWVwhQwVMsH%252Fp2X%252FgKKK4zcV5Ev1piEXJTPRZfvO%252Bquyhtobe42rHktWxN1Z9uYVtt0jmy0OWcfirPAsYGFlq1728XUrSRJBeaGhA7EU8wV%252Bg1NkF3ukqILni349%252FKHZ8bIiJlrDnlXipHMhorIAg34Hck9YCP13Q8oCHBZXCYN8Ys3y2QoaJwEIbYB%252FWlRNwXpds70hV5QIAj7KyB4CL2fOuWHD6N2RCSoaZc5gCT1HpCJUI0bQpgAdnMdJMa0dNMtFBoH28KdOQBloTlKLwJ96kf7x%252FW0M52W8SSWpPIqF409JgxnaCtcudRHcLe3u1L%252F1UIfnj4qQO2snroGoPusWNpd16DfV8FmZSJJ0Xto%252Be6jMEXdbjm63rm7yMRUMSr1ZsZGMhFbzfrp8GBdNxsXMNdVPOKYlgbsw8EZ3M5A6IDcpgeDRMovUyZH%252FbjFrT8FHfcVmT0%252BP%252FeFUDYW2S37w5P4VwjwpWQh65A4vbVYnYmxR6s5vGavcoWHNM2DEEcOrymb7bv7hZFbYWWmujEr1BC%252FE6pzCu3bC638S%252BnSLP1kEfQ0fa%252FDSmsZ8hpDeN7jga%252FjtpigLPjN%252FUXDTQTVPp71nBt8dOi9D%252FLIGK0HCiCe2sxDk93w%252FtNt%252BKjZ8J%252Fjcsywx%252FoENHRq5f6TTYrYU796NUWUY2%7Cclp%3A2334524%7Ctkp%3ABFBM7NnElN1f
